{"name":"Aovista","vendorId":"0x1234","productId":"0x5678","matrix":{"rows":9,"cols":10},"layouts":{"keymap":[[{"y":0.5,"x":4},"0,0","0,1","0,2",{"x":2.25},"0,3","0,4","0,5"],[{"y":-0.75,"x":3},"0,6",{"x":3},"0,7",{"x":0.25},"0,8",{"x":3},"0,9"],[{"y":-0.75},"1,0","1,1","1,2",{"x":10.25},"1,3","1,4","1,5"],[{"y":-0.5,"x":4},"1,6","1,7","1,8",{"x":2.25},"1,9","2,0","2,1"],[{"y":-0.75,"x":3},"2,2",{"x":3},"2,3",{"x":0.25},"2,4",{"x":3},"2,5"],[{"y":-0.75},"2,6","2,7","2,8",{"x":10.25},"2,9","3,0","3,1"],[{"y":-0.5,"x":4},"3,2","3,3","3,4",{"x":2.25},"3,5","3,6","3,7"],[{"y":-0.75,"x":3},"3,8",{"x":3},"3,9",{"x":0.25},"4,0",{"x":3},"4,1"],[{"y":-0.75},"4,2","4,3","4,4",{"x":10.25},"4,5","4,6","4,7"],[{"y":-0.5,"x":4},"4,8","4,9","5,0",{"x":2.25},"5,1","5,2","5,3"],[{"y":-0.75,"x":3},"5,4",{"x":3},"5,5",{"x":0.25},"5,6",{"x":3},"5,7"],[{"y":-0.75},"5,8","5,9","6,0",{"x":10.25},"6,1","6,2","6,3"],[{"y":-0.34999999999999964,"x":5.5},"6,4",{"x":3.25},"6,5"],[{"y":-0.6500000000000004},"6,6","6,7","6,8","6,9","7,0",{"x":6.25},"7,1","7,2","7,3","7,4","7,5"],[{"y":-0.25,"x":5},"7,6","7,7","7,8",{"x":0.25},"7,9","8,0","8,1"]]}}